[
  {
    "id": "f12ade41-781c-4d04-8878-85e5cf4a941f",
    "data": [
      {
        "text": "this is boring",
        "userDefined": false
      }
    ],
    "isTemplate": false,
    "count": 0,
    "updated": 1518526537
  },
  {
    "id": "e942b7af-4969-4f04-b3d9-90ea354b9832",
    "data": [
      {
        "text": "i don\u0027t care about this anymore",
        "userDefined": false
      }
    ],
    "isTemplate": false,
    "count": 0,
    "updated": 1518526537
  },
  {
    "id": "922eb15f-b0be-45a9-9450-5970659475ca",
    "data": [
      {
        "text": "can we talk about anything else",
        "userDefined": false
      }
    ],
    "isTemplate": false,
    "count": 0,
    "updated": 1518526537
  },
  {
    "id": "550d4845-172d-4567-ae03-8f222cdb5cc8",
    "data": [
      {
        "text": "can we talk about something else",
        "userDefined": false
      }
    ],
    "isTemplate": false,
    "count": 0,
    "updated": 1518526537
  },
  {
    "id": "60257271-a6bd-4487-87fb-829d9cb082a3",
    "data": [
      {
        "text": "i\u0027m not interested in this",
        "userDefined": false
      }
    ],
    "isTemplate": false,
    "count": 0,
    "updated": 1518526537
  },
  {
    "id": "c0792f5f-e582-4426-ade0-b0ae5f6000b8",
    "data": [
      {
        "text": "i\u0027m not interested anymore",
        "userDefined": false
      }
    ],
    "isTemplate": false,
    "count": 0,
    "updated": 1518526537
  },
  {
    "id": "b0e2a80d-826e-4421-9f13-72b00d757a9b",
    "data": [
      {
        "text": "i don\u0027t care anymore",
        "userDefined": false
      }
    ],
    "isTemplate": false,
    "count": 0,
    "updated": 1518526537
  },
  {
    "id": "2b27fbd3-8d81-478a-b5aa-03eb51acefce",
    "data": [
      {
        "text": "I want to talk about something else",
        "userDefined": false
      }
    ],
    "isTemplate": false,
    "count": 0,
    "updated": 1518526537
  },
  {
    "id": "ee99c1b6-79a6-45e6-8ee2-04e587e9495b",
    "data": [
      {
        "text": "we can talk about anything but not that",
        "userDefined": false
      }
    ],
    "isTemplate": false,
    "count": 0,
    "updated": 1518526537
  },
  {
    "id": "b1e005d7-14dd-498b-85f4-8d2662e7d741",
    "data": [
      {
        "text": "we can talk about anything else",
        "userDefined": false
      }
    ],
    "isTemplate": false,
    "count": 0,
    "updated": 1518526537
  },
  {
    "id": "5960db25-2251-4a4b-9f7d-9b2944f2e344",
    "data": [
      {
        "text": "i want to change subject",
        "userDefined": false
      }
    ],
    "isTemplate": false,
    "count": 0,
    "updated": 1518526537
  },
  {
    "id": "8a9b13c2-c1a8-4eb1-9996-0cfd86f412b8",
    "data": [
      {
        "text": "change subject",
        "userDefined": false
      }
    ],
    "isTemplate": false,
    "count": 0,
    "updated": 1518526537
  },
  {
    "id": "4ad5c6a2-9d3b-4904-99b1-90b3ce3fba03",
    "data": [
      {
        "text": "can we talk about something else?",
        "userDefined": false
      }
    ],
    "isTemplate": false,
    "count": 1,
    "updated": 1518526537
  },
  {
    "id": "875f80f6-2b50-42d3-bb7f-f0a0378291b9",
    "data": [
      {
        "text": "i don\u0027t want to talk about this anymore",
        "userDefined": false
      }
    ],
    "isTemplate": false,
    "count": 0,
    "updated": 1518526537
  },
  {
    "id": "d52b2dd9-86ca-4b5c-85cc-4568ca051501",
    "data": [
      {
        "text": "change topic",
        "userDefined": false
      }
    ],
    "isTemplate": false,
    "count": 0,
    "updated": 1518526537
  },
  {
    "id": "58d0ad31-29b2-403c-98e3-2d278b653c96",
    "data": [
      {
        "text": "i want to change topic",
        "userDefined": false
      }
    ],
    "isTemplate": false,
    "count": 0,
    "updated": 1518526537
  },
  {
    "id": "54fe7b1b-b066-4bc5-88d1-306f03ca05ac",
    "data": [
      {
        "text": "i want to change the topic",
        "userDefined": false
      }
    ],
    "isTemplate": false,
    "count": 0,
    "updated": 1518526537
  }
]