[
  {
    "id": "d0154625-a996-46ff-ba2a-8cf54543f025",
    "data": [
      {
        "text": "not really",
        "userDefined": false
      }
    ],
    "isTemplate": false,
    "count": 0,
    "updated": 1517564179
  },
  {
    "id": "e339f86e-5924-452a-8a14-ee2ab256251a",
    "data": [
      {
        "text": "hell no",
        "userDefined": false
      }
    ],
    "isTemplate": false,
    "count": 0,
    "updated": 1517564179
  },
  {
    "id": "a0b77c3e-e136-4bfa-9d43-4c571fc08ab7",
    "data": [
      {
        "text": "no way",
        "userDefined": false
      }
    ],
    "isTemplate": false,
    "count": 0,
    "updated": 1517564179
  },
  {
    "id": "e54abc72-020a-4326-ae73-0ee677d01cc3",
    "data": [
      {
        "text": "not at all",
        "userDefined": false
      }
    ],
    "isTemplate": false,
    "count": 0,
    "updated": 1517564179
  },
  {
    "id": "87235285-e8af-4716-93e7-622d3f2812b2",
    "data": [
      {
        "text": "not right now",
        "userDefined": false
      }
    ],
    "isTemplate": false,
    "count": 0,
    "updated": 1517564179
  },
  {
    "id": "f9e4ae95-8aed-4d2b-9bb3-4804d86fe9d6",
    "data": [
      {
        "text": "i don\u0027t feel like it",
        "userDefined": false
      }
    ],
    "isTemplate": false,
    "count": 0,
    "updated": 1517564179
  },
  {
    "id": "23f2015b-d83f-4586-b611-a182ae1a7e65",
    "data": [
      {
        "text": "nope",
        "userDefined": false
      }
    ],
    "isTemplate": false,
    "count": 0,
    "updated": 1517564179
  },
  {
    "id": "fb610cf8-497e-4926-9de4-b885ae181b0e",
    "data": [
      {
        "text": "i\u0027d rather not",
        "userDefined": false
      }
    ],
    "isTemplate": false,
    "count": 0,
    "updated": 1517564179
  },
  {
    "id": "6d152a8c-6b05-4dcf-bf19-b9536ad2a2ac",
    "data": [
      {
        "text": "rather not",
        "userDefined": false
      }
    ],
    "isTemplate": false,
    "count": 0,
    "updated": 1517564179
  },
  {
    "id": "b3deb460-fcac-4c61-af18-9becd672ecab",
    "data": [
      {
        "text": "please no",
        "userDefined": false
      }
    ],
    "isTemplate": false,
    "count": 0,
    "updated": 1517564179
  },
  {
    "id": "9890958f-2e81-4f2f-a1bf-36600cd1929e",
    "data": [
      {
        "text": "no",
        "userDefined": false
      }
    ],
    "isTemplate": false,
    "count": 0,
    "updated": 1517564179
  }
]