[
  {
    "id": "7ec62772-7a2c-4899-b37f-55ef57ff3e1c",
    "data": [
      {
        "text": "why not",
        "userDefined": false
      }
    ],
    "isTemplate": false,
    "count": 0
  },
  {
    "id": "d2e1d967-b7cf-4438-9023-8a522c820e11",
    "data": [
      {
        "text": "yeah why not",
        "userDefined": false
      }
    ],
    "isTemplate": false,
    "count": 0,
    "updated": 1517564068
  },
  {
    "id": "faaa83be-0c64-48cb-b1f1-3f5fd9c1357d",
    "data": [
      {
        "text": "ok why not",
        "userDefined": false
      }
    ],
    "isTemplate": false,
    "count": 0,
    "updated": 1517564068
  },
  {
    "id": "8e5b2d26-e9ca-47de-8366-67ab1e2e385f",
    "data": [
      {
        "text": "okay, sure",
        "userDefined": false
      }
    ],
    "isTemplate": false,
    "count": 0,
    "updated": 1517564068
  },
  {
    "id": "a9c3e3c7-412c-48d7-adf1-5e6ad1166c71",
    "data": [
      {
        "text": "okay",
        "userDefined": false
      }
    ],
    "isTemplate": false,
    "count": 0,
    "updated": 1517564068
  },
  {
    "id": "02e1945f-1493-4171-9715-9a0f67f26c51",
    "data": [
      {
        "text": "yes please",
        "userDefined": false
      }
    ],
    "isTemplate": false,
    "count": 0,
    "updated": 1517564068
  },
  {
    "id": "bef4a8dc-4ebb-4dc9-aa51-75918b4f5b04",
    "data": [
      {
        "text": "yeah, ",
        "userDefined": false
      },
      {
        "text": "thanks",
        "meta": "@sys.ignore",
        "userDefined": false
      }
    ],
    "isTemplate": false,
    "count": 0,
    "updated": 1517564068
  },
  {
    "id": "c7ced3bd-13d7-4045-b564-854f41fd0afc",
    "data": [
      {
        "text": "absolutely",
        "userDefined": false
      }
    ],
    "isTemplate": false,
    "count": 0,
    "updated": 1517564068
  },
  {
    "id": "911764e5-c692-4c99-a900-de1517b7ad9e",
    "data": [
      {
        "text": "yep",
        "userDefined": false
      }
    ],
    "isTemplate": false,
    "count": 0,
    "updated": 1517564068
  },
  {
    "id": "796e2f80-0737-4cb2-befb-c3d904ab78bf",
    "data": [
      {
        "text": "sure",
        "userDefined": false
      }
    ],
    "isTemplate": false,
    "count": 0,
    "updated": 1517564068
  },
  {
    "id": "6b4ac56d-e582-4d6a-992e-dccc10f87923",
    "data": [
      {
        "text": "yap",
        "userDefined": false
      }
    ],
    "isTemplate": false,
    "count": 0,
    "updated": 1517564068
  },
  {
    "id": "6c42f9be-9546-446a-b46f-1e0337c1e921",
    "data": [
      {
        "text": "jap",
        "userDefined": false
      }
    ],
    "isTemplate": false,
    "count": 0,
    "updated": 1517564068
  },
  {
    "id": "f08f49d9-14dc-4158-a1ac-80a001ef251f",
    "data": [
      {
        "text": "jep",
        "userDefined": false
      }
    ],
    "isTemplate": false,
    "count": 0,
    "updated": 1517564068
  },
  {
    "id": "f17cc47d-bc08-4138-b759-5a3ffab00b5f",
    "data": [
      {
        "text": "yeah",
        "userDefined": false
      }
    ],
    "isTemplate": false,
    "count": 0,
    "updated": 1517564068
  },
  {
    "id": "c21e5b64-2393-419a-9fee-56fc44e57e65",
    "data": [
      {
        "text": "yes",
        "userDefined": false
      }
    ],
    "isTemplate": false,
    "count": 0,
    "updated": 1517564068
  }
]