[
  {
    "id": "4b59563d-ec9d-4dc3-b2c9-732ce2e96d1a",
    "data": [
      {
        "text": "😟",
        "userDefined": false
      }
    ],
    "isTemplate": false,
    "count": 0,
    "updated": 1518531579
  },
  {
    "id": "74fe3850-6565-44a6-9e8e-5b2c01ab1170",
    "data": [
      {
        "text": "😞",
        "userDefined": false
      }
    ],
    "isTemplate": false,
    "count": 0,
    "updated": 1518531579
  },
  {
    "id": "ede2f058-edc3-4330-8091-9747ff4e69e4",
    "data": [
      {
        "text": "😖",
        "userDefined": false
      }
    ],
    "isTemplate": false,
    "count": 0,
    "updated": 1518531579
  },
  {
    "id": "4dee7e6d-ba61-4e4b-ac28-c66c991a5266",
    "data": [
      {
        "text": "😫",
        "userDefined": false
      }
    ],
    "isTemplate": false,
    "count": 0,
    "updated": 1518531579
  },
  {
    "id": "a6881308-5941-413e-9dd5-fedff2f5bc74",
    "data": [
      {
        "text": "😥",
        "userDefined": false
      }
    ],
    "isTemplate": false,
    "count": 0,
    "updated": 1518531579
  },
  {
    "id": "9eba8976-f7cc-4f20-8d56-fa1a030a941f",
    "data": [
      {
        "text": "feel like ",
        "userDefined": false
      },
      {
        "text": "crying",
        "alias": "feeling_sad",
        "meta": "@feeling_sad",
        "userDefined": false
      }
    ],
    "isTemplate": false,
    "count": 0,
    "updated": 1518182131
  },
  {
    "id": "67fc112c-ed0b-4985-9681-bf64055c3fbf",
    "data": [
      {
        "text": "feeling depressed",
        "userDefined": false
      }
    ],
    "isTemplate": false,
    "count": 0,
    "updated": 1518182131
  },
  {
    "id": "29efc3f6-c89f-4262-b5af-c43e1d46edec",
    "data": [
      {
        "text": "I\u0027m feeling ",
        "userDefined": false
      },
      {
        "text": "down",
        "alias": "feeling_sad",
        "meta": "@feeling_sad",
        "userDefined": false
      }
    ],
    "isTemplate": false,
    "count": 0,
    "updated": 1518182131
  },
  {
    "id": "205d5a45-e3b3-40c6-949d-be32bc6e3610",
    "data": [
      {
        "text": "I\u0027m feeling bad",
        "userDefined": false
      }
    ],
    "isTemplate": false,
    "count": 0,
    "updated": 1518182131
  },
  {
    "id": "4e7bc5da-1eed-4c5f-af10-e5f2f7fb6ec5",
    "data": [
      {
        "text": "I\u0027m bummed out",
        "userDefined": false
      }
    ],
    "isTemplate": false,
    "count": 0,
    "updated": 1518182131
  },
  {
    "id": "f8a5091d-0925-44c0-9112-8b58f88aa3ae",
    "data": [
      {
        "text": "So ",
        "userDefined": false
      },
      {
        "text": "down",
        "alias": "feeling_sad",
        "meta": "@feeling_sad",
        "userDefined": false
      },
      {
        "text": " right now",
        "userDefined": false
      }
    ],
    "isTemplate": false,
    "count": 0,
    "updated": 1518182131
  },
  {
    "id": "a2736dcf-cd41-4211-9d5e-ea4259b95cf1",
    "data": [
      {
        "text": "I\u0027m ",
        "userDefined": false
      },
      {
        "text": "crying",
        "alias": "feeling_sad",
        "meta": "@feeling_sad",
        "userDefined": false
      }
    ],
    "isTemplate": false,
    "count": 0,
    "updated": 1518182131
  },
  {
    "id": "5dd85186-7cad-4293-82c2-93d0cf8c7f7b",
    "data": [
      {
        "text": "I\u0027m so ",
        "userDefined": false
      },
      {
        "text": "sad",
        "alias": "feeling_sad",
        "meta": "@feeling_sad",
        "userDefined": false
      }
    ],
    "isTemplate": false,
    "count": 0,
    "updated": 1518182131
  },
  {
    "id": "63d9163d-1ecb-4281-aa05-d70c74e3d338",
    "data": [
      {
        "text": "I\u0027m ",
        "userDefined": false
      },
      {
        "text": "sad",
        "alias": "feeling_sad",
        "meta": "@feeling_sad",
        "userDefined": false
      }
    ],
    "isTemplate": false,
    "count": 0,
    "updated": 1518182131
  },
  {
    "id": "c779727e-5720-4832-9ec7-93d8f8b168e6",
    "data": [
      {
        "text": "I\u0027m so depressed",
        "userDefined": false
      }
    ],
    "isTemplate": false,
    "count": 0,
    "updated": 1518182131
  }
]