[
  {
    "id": "03eb1fe2-dcb9-4b33-b059-7f94c2c187ae",
    "data": [
      {
        "text": "😡",
        "userDefined": false
      }
    ],
    "isTemplate": false,
    "count": 0,
    "updated": 1518531384
  },
  {
    "id": "17760ab8-261e-4df6-8b50-921985f7b315",
    "data": [
      {
        "text": "😤",
        "userDefined": false
      }
    ],
    "isTemplate": false,
    "count": 0,
    "updated": 1518531384
  },
  {
    "id": "2fc96784-a511-43dd-9c39-c52026f393da",
    "data": [
      {
        "text": "i\u0027m mad about about my ",
        "userDefined": false
      },
      {
        "text": "girlfriend",
        "alias": "subject_relationship",
        "meta": "@subject_relationship",
        "userDefined": true
      }
    ],
    "isTemplate": false,
    "count": 0,
    "updated": 1518531384
  },
  {
    "id": "185c3cd2-c5b8-452b-b603-fcef090972b4",
    "data": [
      {
        "text": "i\u0027m mad about ",
        "userDefined": false
      },
      {
        "text": "myself",
        "alias": "subject_self",
        "meta": "@subject_self",
        "userDefined": true
      }
    ],
    "isTemplate": false,
    "count": 0,
    "updated": 1518531384
  },
  {
    "id": "68849eb4-922b-49db-89ba-f6aa0b96c851",
    "data": [
      {
        "text": "i\u0027m so ",
        "userDefined": false
      },
      {
        "text": "mad",
        "alias": "feeling_angry",
        "meta": "@feeling_angry",
        "userDefined": true
      }
    ],
    "isTemplate": false,
    "count": 0,
    "updated": 1518531384
  },
  {
    "id": "b9d36c16-8a91-4445-b97c-2501d05e7249",
    "data": [
      {
        "text": "i ",
        "userDefined": false
      },
      {
        "text": "hate",
        "alias": "feeling_angry",
        "meta": "@feeling_angry",
        "userDefined": true
      },
      {
        "text": " everything",
        "userDefined": false
      }
    ],
    "isTemplate": false,
    "count": 0,
    "updated": 1518531384
  },
  {
    "id": "68c8bf91-e06b-453d-b41f-f9695b6bb994",
    "data": [
      {
        "text": "i ",
        "userDefined": false
      },
      {
        "text": "hate",
        "alias": "feeling_angry",
        "meta": "@feeling_angry",
        "userDefined": true
      },
      {
        "text": " ",
        "userDefined": false
      },
      {
        "text": "myself",
        "alias": "subject_self",
        "meta": "@subject_self",
        "userDefined": true
      }
    ],
    "isTemplate": false,
    "count": 0,
    "updated": 1518531384
  },
  {
    "id": "d1690702-e7b8-41f5-bf3f-bc9d64bbd549",
    "data": [
      {
        "text": "i\u0027m ",
        "userDefined": false
      },
      {
        "text": "outraged",
        "alias": "feeling_angry",
        "meta": "@feeling_angry",
        "userDefined": true
      }
    ],
    "isTemplate": false,
    "count": 0,
    "updated": 1518531384
  },
  {
    "id": "834976ae-eb90-4c33-9604-640f9fb9b22b",
    "data": [
      {
        "text": "Im ",
        "userDefined": false
      },
      {
        "text": "steaming",
        "alias": "feeling_angry",
        "meta": "@feeling_angry",
        "userDefined": false
      },
      {
        "text": "!!",
        "userDefined": false
      }
    ],
    "isTemplate": false,
    "count": 0,
    "updated": 1518531384
  },
  {
    "id": "bd37726b-03cf-44b2-9276-27584e3b7d60",
    "data": [
      {
        "text": "I\u0027m so ",
        "userDefined": false
      },
      {
        "text": "angry",
        "alias": "feeling_angry",
        "meta": "@feeling_angry",
        "userDefined": false
      },
      {
        "text": " right now",
        "userDefined": false
      }
    ],
    "isTemplate": false,
    "count": 0,
    "updated": 1518531384
  }
]