[
  {
    "id": "fbf323ca-5aa3-4418-a705-233eaecf177a",
    "data": [
      {
        "text": "😱",
        "userDefined": false
      }
    ],
    "isTemplate": false,
    "count": 0,
    "updated": 1518531484
  },
  {
    "id": "d8f5a0b1-3621-4484-bf6f-bda1dd3310fa",
    "data": [
      {
        "text": "😧",
        "userDefined": false
      }
    ],
    "isTemplate": false,
    "count": 0,
    "updated": 1518531484
  },
  {
    "id": "e7b05d7b-7078-463b-b1ab-1c80838ead46",
    "data": [
      {
        "text": "😨",
        "userDefined": false
      }
    ],
    "isTemplate": false,
    "count": 0,
    "updated": 1518531484
  },
  {
    "id": "a0d3690f-94fa-48bf-9967-69855e8ffa63",
    "data": [
      {
        "text": "😓",
        "userDefined": false
      }
    ],
    "isTemplate": false,
    "count": 0,
    "updated": 1518531484
  },
  {
    "id": "fc4f3535-68cc-4fdc-a2fe-848ffa9d23a3",
    "data": [
      {
        "text": "I\u0027m ",
        "userDefined": false
      },
      {
        "text": "panicking",
        "alias": "feeling_anxious",
        "meta": "@feeling_anxious",
        "userDefined": false
      }
    ],
    "isTemplate": false,
    "count": 0,
    "updated": 1518182034
  },
  {
    "id": "aef2d6a9-b1c7-47d6-a1c7-31161579714b",
    "data": [
      {
        "text": "I live in a constant state of ",
        "userDefined": false
      },
      {
        "text": "fear",
        "alias": "feeling_anxious",
        "meta": "@feeling_anxious",
        "userDefined": false
      }
    ],
    "isTemplate": false,
    "count": 0,
    "updated": 1518182034
  },
  {
    "id": "8d8a5515-f2c9-43b3-82e2-25d3b4a5723c",
    "data": [
      {
        "text": "I\u0027m terribly ",
        "userDefined": false
      },
      {
        "text": "afraid",
        "alias": "feeling_anxious",
        "meta": "@feeling_anxious",
        "userDefined": false
      }
    ],
    "isTemplate": false,
    "count": 0,
    "updated": 1518182034
  },
  {
    "id": "fb9f3607-e00b-4506-bff5-8fe72c394315",
    "data": [
      {
        "text": "I\u0027m in constant ",
        "userDefined": false
      },
      {
        "text": "fear",
        "alias": "feeling_anxious",
        "meta": "@feeling_anxious",
        "userDefined": false
      }
    ],
    "isTemplate": false,
    "count": 0,
    "updated": 1518182034
  },
  {
    "id": "28dcf1e2-421c-4fc9-8907-b07db854a6bd",
    "data": [
      {
        "text": "I feel ",
        "userDefined": false
      },
      {
        "text": "anxious",
        "alias": "feeling_anxious",
        "meta": "@feeling_anxious",
        "userDefined": false
      }
    ],
    "isTemplate": false,
    "count": 0,
    "updated": 1518182034
  },
  {
    "id": "e9483bf4-3c3f-46bd-a14b-20f3ed55eb32",
    "data": [
      {
        "text": "I have ",
        "userDefined": false
      },
      {
        "text": "panic",
        "alias": "feeling_anxious",
        "meta": "@feeling_anxious",
        "userDefined": false
      },
      {
        "text": " attacks",
        "userDefined": false
      }
    ],
    "isTemplate": false,
    "count": 0,
    "updated": 1518182034
  },
  {
    "id": "0e58ab70-ec3e-40d6-bb72-39d9e82057b2",
    "data": [
      {
        "text": "I am ",
        "userDefined": false
      },
      {
        "text": "afraid",
        "alias": "feeling_anxious",
        "meta": "@feeling_anxious",
        "userDefined": false
      }
    ],
    "isTemplate": false,
    "count": 0,
    "updated": 1518182034
  }
]