[
  {
    "value": "happy",
    "synonyms": [
      "happy",
      "glad",
      "joy",
      "joyous",
      "gay",
      "smile",
      "smiling"
    ]
  },
  {
    "value": "content",
    "synonyms": [
      "content"
    ]
  },
  {
    "value": "excited",
    "synonyms": [
      "excited"
    ]
  },
  {
    "value": "lucky",
    "synonyms": [
      "lucky",
      "luck",
      "luckiest",
      "luckier"
    ]
  },
  {
    "value": "blessed",
    "synonyms": [
      "blessed",
      "thankful"
    ]
  }
]