[
  {
    "value": "family",
    "synonyms": [
      "family"
    ]
  },
  {
    "value": "father",
    "synonyms": [
      "father",
      "dad",
      "papa"
    ]
  },
  {
    "value": "mother",
    "synonyms": [
      "mother",
      "mom",
      "mum",
      "mama"
    ]
  },
  {
    "value": "uncle",
    "synonyms": [
      "uncle"
    ]
  },
  {
    "value": "aunt",
    "synonyms": [
      "aunt"
    ]
  },
  {
    "value": "stepfather",
    "synonyms": [
      "stepfather",
      "stepdad"
    ]
  },
  {
    "value": "stepmother",
    "synonyms": [
      "stepmother",
      "stepmom"
    ]
  },
  {
    "value": "brother",
    "synonyms": [
      "brother"
    ]
  },
  {
    "value": "sister",
    "synonyms": [
      "sister"
    ]
  },
  {
    "value": "stepbrother",
    "synonyms": [
      "stepbrother"
    ]
  },
  {
    "value": "stepsister",
    "synonyms": [
      "stepsister"
    ]
  },
  {
    "value": "cousin",
    "synonyms": [
      "cousin"
    ]
  },
  {
    "value": "grandmother",
    "synonyms": [
      "grandma"
    ]
  },
  {
    "value": "grandfather",
    "synonyms": [
      "grandfather",
      "granddad"
    ]
  }
]