[
  {
    "id": "5a3f8ca1-f0d4-4f6d-8564-303ef47c6264",
    "data": [
      {
        "text": "i don\u0027t mind",
        "userDefined": false
      }
    ],
    "isTemplate": false,
    "count": 0,
    "updated": 1517564265
  },
  {
    "id": "4d5e0c2d-3e73-4e18-bb2d-e21189cbc2bc",
    "data": [
      {
        "text": "your choice",
        "userDefined": false
      }
    ],
    "isTemplate": false,
    "count": 0,
    "updated": 1517564265
  },
  {
    "id": "5258a4d1-e755-4b48-b5b2-bbf5d11ae292",
    "data": [
      {
        "text": "whatever you like",
        "userDefined": false
      }
    ],
    "isTemplate": false,
    "count": 0,
    "updated": 1517564265
  },
  {
    "id": "8b8f9d1e-560f-40ec-8e36-d5af089d7023",
    "data": [
      {
        "text": "it\u0027s up to you",
        "userDefined": false
      }
    ],
    "isTemplate": false,
    "count": 0,
    "updated": 1517564265
  },
  {
    "id": "ea17ce18-6973-4b15-ab39-052ced6424d1",
    "data": [
      {
        "text": "i don\u0027t care",
        "userDefined": false
      }
    ],
    "isTemplate": false,
    "count": 0,
    "updated": 1517564265
  }
]