[
  {
    "id": "042baf50-f9fc-4e48-87cc-662bd546f37a",
    "data": [
      {
        "text": "How are you doing?",
        "userDefined": false
      }
    ],
    "isTemplate": false,
    "count": 0
  },
  {
    "id": "5b9f7286-3417-41d4-96f9-7cc894ad67b2",
    "data": [
      {
        "text": "Good day",
        "userDefined": false
      }
    ],
    "isTemplate": false,
    "count": 0
  },
  {
    "id": "fba9cd2f-67b3-4c87-bb02-fd71163ccce4",
    "data": [
      {
        "text": "Good morning",
        "userDefined": false
      }
    ],
    "isTemplate": false,
    "count": 0
  },
  {
    "id": "fd2079db-aa6a-4449-bbb7-cfed716b0dcd",
    "data": [
      {
        "text": "Good evening",
        "userDefined": false
      }
    ],
    "isTemplate": false,
    "count": 0
  },
  {
    "id": "76f26162-cac9-4aa6-86d4-f386a892c550",
    "data": [
      {
        "text": "Greetings",
        "userDefined": false
      }
    ],
    "isTemplate": false,
    "count": 0
  },
  {
    "id": "4a205da9-1a7b-429c-9f7f-2496c19abdb7",
    "data": [
      {
        "text": "Ciao",
        "userDefined": false
      }
    ],
    "isTemplate": false,
    "count": 0
  },
  {
    "id": "7cf7a921-d895-45cc-9f97-8eb49ea62ee5",
    "data": [
      {
        "text": "Hey",
        "userDefined": false
      }
    ],
    "isTemplate": false,
    "count": 0
  },
  {
    "id": "735e81df-f7bb-412d-91af-e5dcf0064927",
    "data": [
      {
        "text": "Hi!",
        "userDefined": false
      }
    ],
    "isTemplate": false,
    "count": 0
  },
  {
    "id": "16b23719-3a8a-4c8f-b369-bf13b21d3df9",
    "data": [
      {
        "text": "Hello!",
        "userDefined": false
      }
    ],
    "isTemplate": false,
    "count": 0
  }
]