[
  {
    "id": "6b7b3a33-0b52-4509-8e6b-bffa9cf62e79",
    "data": [
      {
        "text": "🙂",
        "userDefined": false
      }
    ],
    "isTemplate": false,
    "count": 0,
    "updated": 1518530359
  },
  {
    "id": "8ed54594-2e86-419b-8c34-1bff283376d6",
    "data": [
      {
        "text": "😍",
        "userDefined": false
      }
    ],
    "isTemplate": false,
    "count": 0,
    "updated": 1518530359
  },
  {
    "id": "bcfdd964-19f9-4643-b415-9f742559ec0d",
    "data": [
      {
        "text": "😋",
        "userDefined": false
      }
    ],
    "isTemplate": false,
    "count": 0,
    "updated": 1518530359
  },
  {
    "id": "4a93bace-c65b-4536-a813-a6555d09f25e",
    "data": [
      {
        "text": "😃",
        "userDefined": false
      }
    ],
    "isTemplate": false,
    "count": 0,
    "updated": 1518530359
  },
  {
    "id": "d2e25954-7e3b-40e8-8768-7a429ab52c61",
    "data": [
      {
        "text": "😄",
        "userDefined": false
      }
    ],
    "isTemplate": false,
    "count": 0,
    "updated": 1518530359
  },
  {
    "id": "c17262c7-1d58-49c4-920d-43ae0c3071dd",
    "data": [
      {
        "text": "😂",
        "userDefined": false
      }
    ],
    "isTemplate": false,
    "count": 0,
    "updated": 1518530359
  },
  {
    "id": "05bd9fc5-33bf-4494-ac79-ef804f3a5447",
    "data": [
      {
        "text": "😁",
        "userDefined": false
      }
    ],
    "isTemplate": false,
    "count": 0,
    "updated": 1518530359
  },
  {
    "id": "f3696166-9bd5-42bc-99a8-8c01ba095024",
    "data": [
      {
        "text": "😀",
        "userDefined": false
      }
    ],
    "isTemplate": false,
    "count": 0,
    "updated": 1518530359
  },
  {
    "id": "980a9be3-2193-46ea-b668-0c1b627e9ac8",
    "data": [
      {
        "text": "😅",
        "userDefined": false
      }
    ],
    "isTemplate": false,
    "count": 1,
    "updated": 1518530359
  },
  {
    "id": "6686c9a0-6820-4901-8abd-903734a29899",
    "data": [
      {
        "text": "😆",
        "userDefined": false
      }
    ],
    "isTemplate": false,
    "count": 1,
    "updated": 1518530359
  },
  {
    "id": "0db169bd-4cef-41ff-ad7e-82a41f364a60",
    "data": [
      {
        "text": "☺️",
        "userDefined": false
      }
    ],
    "isTemplate": false,
    "count": 0,
    "updated": 1518530359
  },
  {
    "id": "c1713312-815b-46bc-98c2-ba5d9034b519",
    "data": [
      {
        "text": "😎",
        "userDefined": false
      }
    ],
    "isTemplate": false,
    "count": 0,
    "updated": 1518530359
  },
  {
    "id": "8910fb51-d259-4537-b219-013a3e4be8a6",
    "data": [
      {
        "text": "😁",
        "userDefined": false
      }
    ],
    "isTemplate": false,
    "count": 0,
    "updated": 1518530359
  },
  {
    "id": "5ea00b77-3f68-4eb2-ae5e-96649be549fb",
    "data": [
      {
        "text": "😄",
        "userDefined": false
      }
    ],
    "isTemplate": false,
    "count": 1,
    "updated": 1518530359
  },
  {
    "id": "7c50fe79-62f7-44fb-92d1-e92e5c8edcd8",
    "data": [
      {
        "text": "😊",
        "userDefined": false
      }
    ],
    "isTemplate": false,
    "count": 0,
    "updated": 1518530359
  },
  {
    "id": "772d84fa-a78f-4770-b0a4-dad1cec9313b",
    "data": [
      {
        "text": "very well",
        "userDefined": false
      }
    ],
    "isTemplate": false,
    "count": 0,
    "updated": 1518530359
  },
  {
    "id": "0f28d7cc-0e62-46eb-8191-3fb1cd8800a3",
    "data": [
      {
        "text": "well, ",
        "userDefined": false
      },
      {
        "text": "thanks",
        "alias": "feeling_positive",
        "meta": "@feeling_positive",
        "userDefined": false
      }
    ],
    "isTemplate": false,
    "count": 0,
    "updated": 1518530359
  },
  {
    "id": "07c07b03-46f8-4787-a5c8-59b69d83b9d6",
    "data": [
      {
        "text": "i\u0027m well",
        "userDefined": false
      }
    ],
    "isTemplate": false,
    "count": 0,
    "updated": 1518530359
  },
  {
    "id": "43fdb010-1b16-4ebe-aba7-498565758eea",
    "data": [
      {
        "text": "I feel great",
        "userDefined": false
      }
    ],
    "isTemplate": false,
    "count": 0,
    "updated": 1518530359
  },
  {
    "id": "d5eaf9c4-39f1-4a2a-9a9c-d1bc4c590b81",
    "data": [
      {
        "text": "couldn\u0027t be better",
        "userDefined": false
      }
    ],
    "isTemplate": false,
    "count": 0,
    "updated": 1518530359
  },
  {
    "id": "8c222a21-be39-4781-9b10-561e05e40f61",
    "data": [
      {
        "text": "Amazing",
        "userDefined": false
      }
    ],
    "isTemplate": false,
    "count": 0,
    "updated": 1518530359
  },
  {
    "id": "c7e33a2d-5ba9-434d-8415-b99f44010296",
    "data": [
      {
        "text": "Super, ",
        "userDefined": false
      },
      {
        "text": "thanks",
        "alias": "feeling_positive",
        "meta": "@feeling_positive",
        "userDefined": false
      }
    ],
    "isTemplate": false,
    "count": 0,
    "updated": 1518530359
  },
  {
    "id": "ae6ccc98-08e3-42d9-83e3-58912e0d6b33",
    "data": [
      {
        "text": "Super!",
        "userDefined": false
      }
    ],
    "isTemplate": false,
    "count": 0,
    "updated": 1518530359
  },
  {
    "id": "9ae9162a-b590-4838-a347-fb3ba7180227",
    "data": [
      {
        "text": "Great, ",
        "userDefined": false
      },
      {
        "text": "thanks",
        "alias": "feeling_positive",
        "meta": "@feeling_positive",
        "userDefined": false
      },
      {
        "text": "!",
        "userDefined": false
      }
    ],
    "isTemplate": false,
    "count": 0,
    "updated": 1518530359
  },
  {
    "id": "c4713496-d172-44a1-930f-9dd601a3dd55",
    "data": [
      {
        "text": "I\u0027m just so very fucking ",
        "userDefined": false
      },
      {
        "text": "happy",
        "alias": "feeling_positive",
        "meta": "@feeling_positive",
        "userDefined": false
      },
      {
        "text": ", about everything. My ",
        "userDefined": false
      },
      {
        "text": "family",
        "alias": "subject_family",
        "meta": "@subject_family",
        "userDefined": false
      },
      {
        "text": ", my ",
        "userDefined": false
      },
      {
        "text": "girlfriends",
        "alias": "subject_relationship",
        "meta": "@subject_relationship",
        "userDefined": false
      },
      {
        "text": ", my amazing ",
        "userDefined": false
      },
      {
        "text": "friends",
        "alias": "subject_friends",
        "meta": "@subject_friends",
        "userDefined": false
      },
      {
        "text": ", everything \u003d)",
        "userDefined": false
      }
    ],
    "isTemplate": false,
    "count": 0,
    "updated": 1518530359
  },
  {
    "id": "f8f3d8fe-e21c-4370-8cd6-c9dd9d7ca5d6",
    "data": [
      {
        "text": "My ",
        "userDefined": false
      },
      {
        "text": "family",
        "alias": "subject_family",
        "meta": "@subject_family",
        "userDefined": false
      },
      {
        "text": ", ",
        "userDefined": false
      },
      {
        "text": "friends",
        "alias": "subject_friends",
        "meta": "@subject_friends",
        "userDefined": true
      },
      {
        "text": " and ",
        "userDefined": false
      },
      {
        "text": "girlfriend",
        "alias": "subject_relationship",
        "meta": "@subject_relationship",
        "userDefined": true
      },
      {
        "text": " make me so ",
        "userDefined": false
      },
      {
        "text": "happy",
        "alias": "feeling_positive",
        "meta": "@feeling_positive",
        "userDefined": false
      }
    ],
    "isTemplate": false,
    "count": 0,
    "updated": 1518530359
  },
  {
    "id": "d7c6f514-20d6-4095-95e3-75a0dc9082a1",
    "data": [
      {
        "text": "My ",
        "userDefined": false
      },
      {
        "text": "boyfriend",
        "alias": "subject_relationship",
        "meta": "@subject_relationship",
        "userDefined": false
      },
      {
        "text": " makes me feel like the ",
        "userDefined": false
      },
      {
        "text": "luckiest",
        "alias": "feeling_positive",
        "meta": "@feeling_positive",
        "userDefined": false
      },
      {
        "text": " person alive",
        "userDefined": false
      }
    ],
    "isTemplate": false,
    "count": 0,
    "updated": 1518530359
  },
  {
    "id": "31ca58f6-a541-49c3-936e-ef21898a46d1",
    "data": [
      {
        "text": "I\u0027m very ",
        "userDefined": false
      },
      {
        "text": "thankful",
        "alias": "feeling_positive",
        "meta": "@feeling_positive",
        "userDefined": false
      },
      {
        "text": " for my loving ",
        "userDefined": false
      },
      {
        "text": "girlfriend",
        "alias": "subject_relationship",
        "meta": "@subject_relationship",
        "userDefined": false
      }
    ],
    "isTemplate": false,
    "count": 0,
    "updated": 1518530359
  },
  {
    "id": "dc50f083-8cf1-4e11-a55c-d16d26faa39a",
    "data": [
      {
        "text": "I\u0027m sooooo ",
        "userDefined": false
      },
      {
        "text": "happy",
        "alias": "feeling_positive",
        "meta": "@feeling_positive",
        "userDefined": false
      },
      {
        "text": "!!!!",
        "userDefined": false
      }
    ],
    "isTemplate": false,
    "count": 0,
    "updated": 1518530359
  },
  {
    "id": "648b8126-4369-4212-9aa9-f3736bff1323",
    "data": [
      {
        "text": "So ",
        "userDefined": false
      },
      {
        "text": "happy",
        "alias": "feeling_positive",
        "meta": "@feeling_positive",
        "userDefined": false
      },
      {
        "text": " right now :D",
        "userDefined": false
      }
    ],
    "isTemplate": false,
    "count": 0,
    "updated": 1518530359
  },
  {
    "id": "6b8838d2-05f1-4d85-b85a-52b5c7165d6b",
    "data": [
      {
        "text": "Happy",
        "alias": "feeling_positive",
        "meta": "@feeling_positive",
        "userDefined": false
      }
    ],
    "isTemplate": false,
    "count": 0,
    "updated": 1518530359
  }
]