[
  {
    "id": "0da40faf-91e7-42ed-82ff-57a1674e561f",
    "data": [
      {
        "text": "i\u0027m mad about about my ",
        "userDefined": false
      },
      {
        "text": "girlfriend",
        "alias": "subject_relationship",
        "meta": "@subject_relationship",
        "userDefined": true
      }
    ],
    "isTemplate": false,
    "count": 0,
    "updated": 1518182452
  },
  {
    "id": "da08d343-ec23-4652-b7fc-0d6f5a4bfb06",
    "data": [
      {
        "text": "i\u0027m mad about ",
        "userDefined": false
      },
      {
        "text": "myself",
        "alias": "subject_self",
        "meta": "@subject_self",
        "userDefined": true
      }
    ],
    "isTemplate": false,
    "count": 0,
    "updated": 1518182452
  },
  {
    "id": "77a635f0-d5b2-4a1f-9bda-df1ba5aeb3ba",
    "data": [
      {
        "text": "i\u0027m so ",
        "userDefined": false
      },
      {
        "text": "mad",
        "alias": "feeling_angry",
        "meta": "@feeling_angry",
        "userDefined": true
      }
    ],
    "isTemplate": false,
    "count": 0,
    "updated": 1518182508
  },
  {
    "id": "e27e1de1-0533-469d-baa3-bdb1889bb176",
    "data": [
      {
        "text": "i ",
        "userDefined": false
      },
      {
        "text": "hate",
        "alias": "feeling_angry",
        "meta": "@feeling_angry",
        "userDefined": true
      },
      {
        "text": " everything",
        "userDefined": false
      }
    ],
    "isTemplate": false,
    "count": 0,
    "updated": 1518182508
  },
  {
    "id": "bf2cfb83-7afe-4de9-8d81-3d12c3886f74",
    "data": [
      {
        "text": "i ",
        "userDefined": false
      },
      {
        "text": "hate",
        "alias": "feeling_angry",
        "meta": "@feeling_angry",
        "userDefined": true
      },
      {
        "text": " ",
        "userDefined": false
      },
      {
        "text": "myself",
        "alias": "subject_self",
        "meta": "@subject_self",
        "userDefined": true
      }
    ],
    "isTemplate": false,
    "count": 0,
    "updated": 1518182508
  },
  {
    "id": "a6a897d0-dbfe-4673-9d88-f6f3bf22d8e3",
    "data": [
      {
        "text": "i\u0027m ",
        "userDefined": false
      },
      {
        "text": "outraged",
        "alias": "feeling_angry",
        "meta": "@feeling_angry",
        "userDefined": true
      }
    ],
    "isTemplate": false,
    "count": 0,
    "updated": 1518182545
  },
  {
    "id": "952c2bd6-04b4-4a52-906a-43b974513b3a",
    "data": [
      {
        "text": "Im ",
        "userDefined": false
      },
      {
        "text": "steaming",
        "alias": "feeling_angry",
        "meta": "@feeling_angry",
        "userDefined": false
      },
      {
        "text": "!!",
        "userDefined": false
      }
    ],
    "isTemplate": false,
    "count": 0,
    "updated": 1518182244
  },
  {
    "id": "d2847aec-c86e-413a-ae92-20645b6dc70b",
    "data": [
      {
        "text": "I\u0027m so ",
        "userDefined": false
      },
      {
        "text": "angry",
        "alias": "feeling_angry",
        "meta": "@feeling_angry",
        "userDefined": false
      },
      {
        "text": " right now",
        "userDefined": false
      }
    ],
    "isTemplate": false,
    "count": 0,
    "updated": 1518182244
  }
]