[
  {
    "id": "507347a0-f9f9-4563-ae2a-721a6a75e751",
    "data": [
      {
        "text": "I\u0027m ",
        "userDefined": false
      },
      {
        "text": "panicking",
        "alias": "feeling_anxious",
        "meta": "@feeling_anxious",
        "userDefined": false
      }
    ],
    "isTemplate": false,
    "count": 0,
    "updated": 1518182034
  },
  {
    "id": "a228b593-4be1-4bf7-abec-460801c990db",
    "data": [
      {
        "text": "I live in a constant state of ",
        "userDefined": false
      },
      {
        "text": "fear",
        "alias": "feeling_anxious",
        "meta": "@feeling_anxious",
        "userDefined": false
      }
    ],
    "isTemplate": false,
    "count": 0,
    "updated": 1518182034
  },
  {
    "id": "aa3c47e3-7157-4838-b060-f05daa3f4ff6",
    "data": [
      {
        "text": "I\u0027m terribly ",
        "userDefined": false
      },
      {
        "text": "afraid",
        "alias": "feeling_anxious",
        "meta": "@feeling_anxious",
        "userDefined": false
      }
    ],
    "isTemplate": false,
    "count": 0,
    "updated": 1518182034
  },
  {
    "id": "65946050-554c-46b9-a752-e58389c538e5",
    "data": [
      {
        "text": "I\u0027m in constant ",
        "userDefined": false
      },
      {
        "text": "fear",
        "alias": "feeling_anxious",
        "meta": "@feeling_anxious",
        "userDefined": false
      }
    ],
    "isTemplate": false,
    "count": 0,
    "updated": 1518182034
  },
  {
    "id": "a7fa33ba-5ada-4333-9822-4dde1bff359d",
    "data": [
      {
        "text": "I feel ",
        "userDefined": false
      },
      {
        "text": "anxious",
        "alias": "feeling_anxious",
        "meta": "@feeling_anxious",
        "userDefined": false
      }
    ],
    "isTemplate": false,
    "count": 0,
    "updated": 1518182034
  },
  {
    "id": "6604ea1d-1bed-435e-ba80-4e6c4172e882",
    "data": [
      {
        "text": "I have ",
        "userDefined": false
      },
      {
        "text": "panic",
        "alias": "feeling_anxious",
        "meta": "@feeling_anxious",
        "userDefined": false
      },
      {
        "text": " attacks",
        "userDefined": false
      }
    ],
    "isTemplate": false,
    "count": 0,
    "updated": 1518182034
  },
  {
    "id": "b73b5dbc-ac08-4838-a63c-fd76ef1d2438",
    "data": [
      {
        "text": "I am ",
        "userDefined": false
      },
      {
        "text": "afraid",
        "alias": "feeling_anxious",
        "meta": "@feeling_anxious",
        "userDefined": false
      }
    ],
    "isTemplate": false,
    "count": 0,
    "updated": 1518182034
  }
]