[
  {
    "id": "02b44bf1-5b26-4449-8d1e-049b27ca3aa5",
    "data": [
      {
        "text": "feel like ",
        "userDefined": false
      },
      {
        "text": "crying",
        "alias": "feeling_sad",
        "meta": "@feeling_sad",
        "userDefined": false
      }
    ],
    "isTemplate": false,
    "count": 0,
    "updated": 1518182131
  },
  {
    "id": "4e46736c-c699-4d38-8767-0945ee4ed300",
    "data": [
      {
        "text": "feeling depressed",
        "userDefined": false
      }
    ],
    "isTemplate": false,
    "count": 0,
    "updated": 1518182131
  },
  {
    "id": "73102f42-3c6a-47b6-be7c-9d0fc20b6411",
    "data": [
      {
        "text": "I\u0027m feeling ",
        "userDefined": false
      },
      {
        "text": "down",
        "alias": "feeling_sad",
        "meta": "@feeling_sad",
        "userDefined": false
      }
    ],
    "isTemplate": false,
    "count": 0,
    "updated": 1518182131
  },
  {
    "id": "96124483-b441-4909-b6d7-5bc19651dc24",
    "data": [
      {
        "text": "I\u0027m feeling bad",
        "userDefined": false
      }
    ],
    "isTemplate": false,
    "count": 0,
    "updated": 1518182131
  },
  {
    "id": "67148a4c-60c4-4601-b334-3a066160dbb2",
    "data": [
      {
        "text": "I\u0027m bummed out",
        "userDefined": false
      }
    ],
    "isTemplate": false,
    "count": 0,
    "updated": 1518182131
  },
  {
    "id": "497926d3-d5b2-4ab3-af21-6523774cbe3c",
    "data": [
      {
        "text": "So ",
        "userDefined": false
      },
      {
        "text": "down",
        "alias": "feeling_sad",
        "meta": "@feeling_sad",
        "userDefined": false
      },
      {
        "text": " right now",
        "userDefined": false
      }
    ],
    "isTemplate": false,
    "count": 0,
    "updated": 1518182131
  },
  {
    "id": "5a4e0fa1-6758-47e3-b0ae-cbf1bdb7a9f3",
    "data": [
      {
        "text": "I\u0027m ",
        "userDefined": false
      },
      {
        "text": "crying",
        "alias": "feeling_sad",
        "meta": "@feeling_sad",
        "userDefined": false
      }
    ],
    "isTemplate": false,
    "count": 0,
    "updated": 1518182131
  },
  {
    "id": "8930af62-90f0-41a1-ac64-e546ba809313",
    "data": [
      {
        "text": "I\u0027m so ",
        "userDefined": false
      },
      {
        "text": "sad",
        "alias": "feeling_sad",
        "meta": "@feeling_sad",
        "userDefined": false
      }
    ],
    "isTemplate": false,
    "count": 0,
    "updated": 1518182131
  },
  {
    "id": "3d68df42-6af3-4b52-8da5-cb5886593967",
    "data": [
      {
        "text": "I\u0027m ",
        "userDefined": false
      },
      {
        "text": "sad",
        "alias": "feeling_sad",
        "meta": "@feeling_sad",
        "userDefined": false
      }
    ],
    "isTemplate": false,
    "count": 0,
    "updated": 1518182131
  },
  {
    "id": "fae4808a-ae76-43ab-b7a4-5bea714818ff",
    "data": [
      {
        "text": "I\u0027m so depressed",
        "userDefined": false
      }
    ],
    "isTemplate": false,
    "count": 0,
    "updated": 1518182131
  }
]