[
  {
    "id": "11e86f4b-f846-4d7a-9c6b-ab80d3de5ee7",
    "data": [
      {
        "text": "goodbye",
        "userDefined": false
      }
    ],
    "isTemplate": false,
    "count": 0,
    "updated": 1518383374
  },
  {
    "id": "2813cc4b-0266-4d9c-857e-c62ab7e4ed21",
    "data": [
      {
        "text": "alright, goodbye coachbot, gotta go",
        "userDefined": false
      }
    ],
    "isTemplate": false,
    "count": 1,
    "updated": 1518383374
  },
  {
    "id": "ac1ae583-6e29-4fd0-9140-4569212e0516",
    "data": [
      {
        "text": "bye coachbot",
        "userDefined": false
      }
    ],
    "isTemplate": false,
    "count": 0,
    "updated": 1518383374
  },
  {
    "id": "8cfdedaa-bdd3-4358-b598-3b9607a4e454",
    "data": [
      {
        "text": "gotta go, bye",
        "userDefined": false
      }
    ],
    "isTemplate": false,
    "count": 0,
    "updated": 1518383374
  },
  {
    "id": "305fb4bf-a109-4060-bd9f-fcd79c67d0c5",
    "data": [
      {
        "text": "alright, goodbye",
        "userDefined": false
      }
    ],
    "isTemplate": false,
    "count": 0,
    "updated": 1518383374
  },
  {
    "id": "be8f367f-bbc1-41b5-8322-1b661d197d42",
    "data": [
      {
        "text": "ok bb",
        "userDefined": false
      }
    ],
    "isTemplate": false,
    "count": 0,
    "updated": 1518383374
  },
  {
    "id": "43a98066-c519-4d99-bbd5-868decad5ac1",
    "data": [
      {
        "text": "okay bye",
        "userDefined": false
      }
    ],
    "isTemplate": false,
    "count": 0,
    "updated": 1518383374
  },
  {
    "id": "bbf75776-4263-45de-8137-f1676d786e70",
    "data": [
      {
        "text": "bye",
        "userDefined": false
      }
    ],
    "isTemplate": false,
    "count": 0,
    "updated": 1518383374
  },
  {
    "id": "7656614e-2097-4f81-afe1-0a419e4134d2",
    "data": [
      {
        "text": "can we stop chatting?",
        "userDefined": false
      }
    ],
    "isTemplate": false,
    "count": 0,
    "updated": 1518383374
  },
  {
    "id": "6951998d-6f62-432c-8f1c-fcb83e98f073",
    "data": [
      {
        "text": "stop chatting",
        "userDefined": false
      }
    ],
    "isTemplate": false,
    "count": 0,
    "updated": 1518383374
  },
  {
    "id": "c10ba0f0-4e95-4a9f-a0e2-cd6edc8a0cbc",
    "data": [
      {
        "text": "I don\u0027t want to chat anymore",
        "userDefined": false
      }
    ],
    "isTemplate": false,
    "count": 0,
    "updated": 1518383374
  },
  {
    "id": "8b5e2928-49cc-4e7c-93d3-35f1b2d78f31",
    "data": [
      {
        "text": "I would like to stop talking",
        "userDefined": false
      }
    ],
    "isTemplate": false,
    "count": 0,
    "updated": 1518383374
  },
  {
    "id": "3e7c7953-5ca0-42ff-81be-f3b05fc7d60b",
    "data": [
      {
        "text": "I don\u0027t want to talk anymore",
        "userDefined": false
      }
    ],
    "isTemplate": false,
    "count": 0,
    "updated": 1518383374
  },
  {
    "id": "65c4f279-c1a4-407d-95a6-384683fd648a",
    "data": [
      {
        "text": "I would like to stop chatting",
        "userDefined": false
      }
    ],
    "isTemplate": false,
    "count": 0,
    "updated": 1518383374
  }
]