[
  {
    "value": "relationship",
    "synonyms": [
      "relationship"
    ]
  },
  {
    "value": "boyfriend",
    "synonyms": [
      "boyfriend",
      "boy friend"
    ]
  },
  {
    "value": "girlfriend",
    "synonyms": [
      "girlfriend",
      "girl friend"
    ]
  },
  {
    "value": "partner",
    "synonyms": [
      "partner"
    ]
  },
  {
    "value": "husband",
    "synonyms": [
      "husband",
      "hubby"
    ]
  },
  {
    "value": "wife",
    "synonyms": [
      "wife"
    ]
  },
  {
    "value": "significant other",
    "synonyms": [
      "significant other"
    ]
  }
]